{"cameraMode":{"drawMode":0,"name":"Shaded","section":"Shading Mode"},"sceneLighting":false,"audioPlay":false,"sceneViewState":{"m_AlwaysRefresh":false,"showFog":false,"showSkybox":true,"showFlares":false,"showImageEffects":false,"showParticleSystems":false,"showVisualEffectGraphs":true,"m_FxEnabled":true},"in2DMode":false,"pivot":{"x":2.4308860301971437,"y":1.6372520923614503,"z":24.247032165527345},"rotation":{"x":0.028976228088140489,"y":0.21774636209011079,"z":0.006454018410295248,"w":-0.9755690693855286},"size":11.685054779052735,"orthographic":false}